name,title,abbreviation,region
Attorney General,Attorney General,Att. Gen.,Missouri
Chief of Police,Chief of Police,Chief,"Belle, Missouri"
County Prosecutor,County Prosecutor,Co. P.A.,"Cass County, Missouri"
County Sheriff,County Sheriff,Sherrif,"Osage County, Missouri"
Governor,Governor,Gov.,Missouri
Lieutenant Governor,Lieutenant Governor,Lt. Gov.,Missouri
Secretary of State,Secretary of State,Sec. St.,Missouri
State Representative,State Representative,Rep.,State 139th House District
State Representative,State Representative,Rep.,State 44th House District
State Representative,State Representative,St. Rep.,State 47th House District
State Representative ,State Representative,Rep.,State 86th House District
State Senator,State Senator,Sen.,State 12th Senate District
State Senator,State Senator,Sen.,State 21st Senate District
State Treasurer,State Treasurer,Treas.,Missouri
U.S. Representative,Representative,Rep.,Missouri 2nd Congressional District
U.S. Representative,Representative,Rep.,Missouri 4nd Congressional District
U.S. Representative,Representative,Rep.,Missouri 4th Congressional District
U.S. Representative,Representative,Rep.,Missouri 5th Congressional District
U.S. Senator,Senator,Sen.,Missouri